key,id,name,type,variable,value,year,crime_type,place_name
1600000US0816000--2016--Violent crime--rate,1600000US0816000,"Colorado Springs, Colorado",place,rate,495.7844318,2016,Violent crime,"Colorado Springs, CO"
1600000US0816000--2016--Violent crime--count,1600000US0816000,"Colorado Springs, Colorado",place,count,2301,2016,Violent crime,"Colorado Springs, CO"
1600000US0816000--2016--Robbery--rate,1600000US0816000,"Colorado Springs, Colorado",place,rate,94.15810374,2016,Robbery,"Colorado Springs, CO"
1600000US0816000--2016--Robbery--count,1600000US0816000,"Colorado Springs, Colorado",place,count,437,2016,Robbery,"Colorado Springs, CO"
1600000US0816000--2016--Rape (revised definition)--rate,1600000US0816000,"Colorado Springs, Colorado",place,rate,96.09728665,2016,Rape (revised definition),"Colorado Springs, CO"
1600000US0816000--2016--Rape (revised definition)--count,1600000US0816000,"Colorado Springs, Colorado",place,count,446,2016,Rape (revised definition),"Colorado Springs, CO"
1600000US0816000--2016--Property crime--rate,1600000US0816000,"Colorado Springs, Colorado",place,rate,3560.770761,2016,Property crime,"Colorado Springs, CO"
1600000US0816000--2016--Property crime--count,1600000US0816000,"Colorado Springs, Colorado",place,count,16526,2016,Property crime,"Colorado Springs, CO"
1600000US0816000--2016--Murder and nonnegligent manslaughter--rate,1600000US0816000,"Colorado Springs, Colorado",place,rate,5.171154439,2016,Murder and nonnegligent manslaughter,"Colorado Springs, CO"
1600000US0816000--2016--Murder and nonnegligent manslaughter--count,1600000US0816000,"Colorado Springs, Colorado",place,count,24,2016,Murder and nonnegligent manslaughter,"Colorado Springs, CO"
1600000US0816000--2016--Motor vehicle theft--rate,1600000US0816000,"Colorado Springs, Colorado",place,rate,446.6584646,2016,Motor vehicle theft,"Colorado Springs, CO"
1600000US0816000--2016--Motor vehicle theft--count,1600000US0816000,"Colorado Springs, Colorado",place,count,2073,2016,Motor vehicle theft,"Colorado Springs, CO"
1600000US0816000--2016--Larceny--rate,1600000US0816000,"Colorado Springs, Colorado",place,rate,2537.313111,2016,Larceny,"Colorado Springs, CO"
1600000US0816000--2016--Larceny--count,1600000US0816000,"Colorado Springs, Colorado",place,count,11776,2016,Larceny,"Colorado Springs, CO"
1600000US0816000--2016--Burglary--rate,1600000US0816000,"Colorado Springs, Colorado",place,rate,576.7991847,2016,Burglary,"Colorado Springs, CO"
1600000US0816000--2016--Burglary--count,1600000US0816000,"Colorado Springs, Colorado",place,count,2677,2016,Burglary,"Colorado Springs, CO"
1600000US0816000--2016--Arson--rate,1600000US0816000,"Colorado Springs, Colorado",place,rate,24.99391312,2016,Arson,"Colorado Springs, CO"
1600000US0816000--2016--Arson--count,1600000US0816000,"Colorado Springs, Colorado",place,count,116,2016,Arson,"Colorado Springs, CO"
1600000US0816000--2016--All Crimes--rate,1600000US0816000,"Colorado Springs, Colorado",place,rate,8138.104298,2016,All Crimes,"Colorado Springs, CO"
1600000US0816000--2016--All Crimes--count,1600000US0816000,"Colorado Springs, Colorado",place,count,37770,2016,All Crimes,"Colorado Springs, CO"
1600000US0816000--2016--Aggravated assault--rate,1600000US0816000,"Colorado Springs, Colorado",place,rate,300.357887,2016,Aggravated assault,"Colorado Springs, CO"
1600000US0816000--2016--Aggravated assault--count,1600000US0816000,"Colorado Springs, Colorado",place,count,1394,2016,Aggravated assault,"Colorado Springs, CO"
1600000US0816000--2015--Violent crime--rate,1600000US0816000,"Colorado Springs, Colorado",place,rate,438.3192237,2015,Violent crime,"Colorado Springs, CO"
1600000US0816000--2015--Violent crime--count,1600000US0816000,"Colorado Springs, Colorado",place,count,1983,2015,Violent crime,"Colorado Springs, CO"
1600000US0816000--2015--Robbery--rate,1600000US0816000,"Colorado Springs, Colorado",place,rate,83.11045291,2015,Robbery,"Colorado Springs, CO"
1600000US0816000--2015--Robbery--count,1600000US0816000,"Colorado Springs, Colorado",place,count,376,2015,Robbery,"Colorado Springs, CO"
1600000US0816000--2015--Rape (revised definition)--rate,1600000US0816000,"Colorado Springs, Colorado",place,rate,75.37410756,2015,Rape (revised definition),"Colorado Springs, CO"
1600000US0816000--2015--Rape (revised definition)--count,1600000US0816000,"Colorado Springs, Colorado",place,count,341,2015,Rape (revised definition),"Colorado Springs, CO"
1600000US0816000--2015--Property crime--rate,1600000US0816000,"Colorado Springs, Colorado",place,rate,3648.01839,2015,Property crime,"Colorado Springs, CO"
1600000US0816000--2015--Property crime--count,1600000US0816000,"Colorado Springs, Colorado",place,count,16504,2015,Property crime,"Colorado Springs, CO"
1600000US0816000--2015--Murder and nonnegligent manslaughter--rate,1600000US0816000,"Colorado Springs, Colorado",place,rate,5.525960965,2015,Murder and nonnegligent manslaughter,"Colorado Springs, CO"
1600000US0816000--2015--Murder and nonnegligent manslaughter--count,1600000US0816000,"Colorado Springs, Colorado",place,count,25,2015,Murder and nonnegligent manslaughter,"Colorado Springs, CO"
1600000US0816000--2015--Motor vehicle theft--rate,1600000US0816000,"Colorado Springs, Colorado",place,rate,381.7333834,2015,Motor vehicle theft,"Colorado Springs, CO"
1600000US0816000--2015--Motor vehicle theft--count,1600000US0816000,"Colorado Springs, Colorado",place,count,1727,2015,Motor vehicle theft,"Colorado Springs, CO"
1600000US0816000--2015--Larceny--rate,1600000US0816000,"Colorado Springs, Colorado",place,rate,2732.698216,2015,Larceny,"Colorado Springs, CO"
1600000US0816000--2015--Larceny--count,1600000US0816000,"Colorado Springs, Colorado",place,count,12363,2015,Larceny,"Colorado Springs, CO"
1600000US0816000--2015--Burglary--rate,1600000US0816000,"Colorado Springs, Colorado",place,rate,533.5867907,2015,Burglary,"Colorado Springs, CO"
1600000US0816000--2015--Burglary--count,1600000US0816000,"Colorado Springs, Colorado",place,count,2414,2015,Burglary,"Colorado Springs, CO"
1600000US0816000--2015--Arson--rate,1600000US0816000,"Colorado Springs, Colorado",place,rate,27.85084326,2015,Arson,"Colorado Springs, CO"
1600000US0816000--2015--Arson--count,1600000US0816000,"Colorado Springs, Colorado",place,count,126,2015,Arson,"Colorado Springs, CO"
1600000US0816000--2015--All Crimes--rate,1600000US0816000,"Colorado Springs, Colorado",place,rate,8200.526071,2015,All Crimes,"Colorado Springs, CO"
1600000US0816000--2015--All Crimes--count,1600000US0816000,"Colorado Springs, Colorado",place,count,37100,2015,All Crimes,"Colorado Springs, CO"
1600000US0816000--2015--Aggravated assault--rate,1600000US0816000,"Colorado Springs, Colorado",place,rate,274.3087023,2015,Aggravated assault,"Colorado Springs, CO"
1600000US0816000--2015--Aggravated assault--count,1600000US0816000,"Colorado Springs, Colorado",place,count,1241,2015,Aggravated assault,"Colorado Springs, CO"
1600000US0816000--2014--Violent crime--rate,1600000US0816000,"Colorado Springs, Colorado",place,rate,458.2547663,2014,Violent crime,"Colorado Springs, CO"
1600000US0816000--2014--Violent crime--count,1600000US0816000,"Colorado Springs, Colorado",place,count,2039,2014,Violent crime,"Colorado Springs, CO"
1600000US0816000--2014--Robbery--rate,1600000US0816000,"Colorado Springs, Colorado",place,rate,90.79692279,2014,Robbery,"Colorado Springs, CO"
1600000US0816000--2014--Robbery--count,1600000US0816000,"Colorado Springs, Colorado",place,count,404,2014,Robbery,"Colorado Springs, CO"
1600000US0816000--2014--Rape (revised definition)--rate,1600000US0816000,"Colorado Springs, Colorado",place,rate,92.59488166,2014,Rape (revised definition),"Colorado Springs, CO"
1600000US0816000--2014--Rape (revised definition)--count,1600000US0816000,"Colorado Springs, Colorado",place,count,412,2014,Rape (revised definition),"Colorado Springs, CO"
1600000US0816000--2014--Property crime--rate,1600000US0816000,"Colorado Springs, Colorado",place,rate,3667.611344,2014,Property crime,"Colorado Springs, CO"
1600000US0816000--2014--Property crime--count,1600000US0816000,"Colorado Springs, Colorado",place,count,16319,2014,Property crime,"Colorado Springs, CO"
1600000US0816000--2014--Murder and nonnegligent manslaughter--rate,1600000US0816000,"Colorado Springs, Colorado",place,rate,4.494897168,2014,Murder and nonnegligent manslaughter,"Colorado Springs, CO"
1600000US0816000--2014--Murder and nonnegligent manslaughter--count,1600000US0816000,"Colorado Springs, Colorado",place,count,20,2014,Murder and nonnegligent manslaughter,"Colorado Springs, CO"
1600000US0816000--2014--Motor vehicle theft--rate,1600000US0816000,"Colorado Springs, Colorado",place,rate,369.9300369,2014,Motor vehicle theft,"Colorado Springs, CO"
1600000US0816000--2014--Motor vehicle theft--count,1600000US0816000,"Colorado Springs, Colorado",place,count,1646,2014,Motor vehicle theft,"Colorado Springs, CO"
1600000US0816000--2014--Larceny--rate,1600000US0816000,"Colorado Springs, Colorado",place,rate,2677.610243,2014,Larceny,"Colorado Springs, CO"
1600000US0816000--2014--Larceny--count,1600000US0816000,"Colorado Springs, Colorado",place,count,11914,2014,Larceny,"Colorado Springs, CO"
1600000US0816000--2014--Burglary--rate,1600000US0816000,"Colorado Springs, Colorado",place,rate,620.0710643,2014,Burglary,"Colorado Springs, CO"
1600000US0816000--2014--Burglary--count,1600000US0816000,"Colorado Springs, Colorado",place,count,2759,2014,Burglary,"Colorado Springs, CO"
1600000US0816000--2014--Arson--rate,1600000US0816000,"Colorado Springs, Colorado",place,rate,21.12601669,2014,Arson,"Colorado Springs, CO"
1600000US0816000--2014--Arson--count,1600000US0816000,"Colorado Springs, Colorado",place,count,94,2014,Arson,"Colorado Springs, CO"
1600000US0816000--2014--All Crimes--rate,1600000US0816000,"Colorado Springs, Colorado",place,rate,8272.858238,2014,All Crimes,"Colorado Springs, CO"
1600000US0816000--2014--All Crimes--count,1600000US0816000,"Colorado Springs, Colorado",place,count,36810,2014,All Crimes,"Colorado Springs, CO"
1600000US0816000--2014--Aggravated assault--rate,1600000US0816000,"Colorado Springs, Colorado",place,rate,270.3680647,2014,Aggravated assault,"Colorado Springs, CO"
1600000US0816000--2014--Aggravated assault--count,1600000US0816000,"Colorado Springs, Colorado",place,count,1203,2014,Aggravated assault,"Colorado Springs, CO"
1600000US0816000--2013--Violent crime--rate,1600000US0816000,"Colorado Springs, Colorado",place,rate,434.0667908,2013,Violent crime,"Colorado Springs, CO"
1600000US0816000--2013--Violent crime--count,1600000US0816000,"Colorado Springs, Colorado",place,count,1893,2013,Violent crime,"Colorado Springs, CO"
1600000US0816000--2013--Robbery--rate,1600000US0816000,"Colorado Springs, Colorado",place,rate,95.84781751,2013,Robbery,"Colorado Springs, CO"
1600000US0816000--2013--Robbery--count,1600000US0816000,"Colorado Springs, Colorado",place,count,418,2013,Robbery,"Colorado Springs, CO"
1600000US0816000--2013--Rape (revised definition)--rate,1600000US0816000,"Colorado Springs, Colorado",place,rate,84.84136957,2013,Rape (revised definition),"Colorado Springs, CO"
1600000US0816000--2013--Rape (revised definition)--count,1600000US0816000,"Colorado Springs, Colorado",place,count,370,2013,Rape (revised definition),"Colorado Springs, CO"
1600000US0816000--2013--Rape (legacy definition)--rate,1600000US0816000,"Colorado Springs, Colorado",place,rate,0,2013,Rape (legacy definition),"Colorado Springs, CO"
1600000US0816000--2013--Property crime--rate,1600000US0816000,"Colorado Springs, Colorado",place,rate,4167.545654,2013,Property crime,"Colorado Springs, CO"
1600000US0816000--2013--Property crime--count,1600000US0816000,"Colorado Springs, Colorado",place,count,18175,2013,Property crime,"Colorado Springs, CO"
1600000US0816000--2013--Murder and nonnegligent manslaughter--rate,1600000US0816000,"Colorado Springs, Colorado",place,rate,5.96182597,2013,Murder and nonnegligent manslaughter,"Colorado Springs, CO"
1600000US0816000--2013--Murder and nonnegligent manslaughter--count,1600000US0816000,"Colorado Springs, Colorado",place,count,26,2013,Murder and nonnegligent manslaughter,"Colorado Springs, CO"
1600000US0816000--2013--Motor vehicle theft--rate,1600000US0816000,"Colorado Springs, Colorado",place,rate,442.0923258,2013,Motor vehicle theft,"Colorado Springs, CO"
1600000US0816000--2013--Motor vehicle theft--count,1600000US0816000,"Colorado Springs, Colorado",place,count,1928,2013,Motor vehicle theft,"Colorado Springs, CO"
1600000US0816000--2013--Larceny--rate,1600000US0816000,"Colorado Springs, Colorado",place,rate,2871.077806,2013,Larceny,"Colorado Springs, CO"
1600000US0816000--2013--Larceny--count,1600000US0816000,"Colorado Springs, Colorado",place,count,12521,2013,Larceny,"Colorado Springs, CO"
1600000US0816000--2013--Burglary--rate,1600000US0816000,"Colorado Springs, Colorado",place,rate,854.3755217,2013,Burglary,"Colorado Springs, CO"
1600000US0816000--2013--Burglary--count,1600000US0816000,"Colorado Springs, Colorado",place,count,3726,2013,Burglary,"Colorado Springs, CO"
1600000US0816000--2013--Arson--rate,1600000US0816000,"Colorado Springs, Colorado",place,rate,14.21666193,2013,Arson,"Colorado Springs, CO"
1600000US0816000--2013--Arson--count,1600000US0816000,"Colorado Springs, Colorado",place,count,62,2013,Arson,"Colorado Springs, CO"
1600000US0816000--2013--All Crimes--rate,1600000US0816000,"Colorado Springs, Colorado",place,rate,9217.441551,2013,All Crimes,"Colorado Springs, CO"
1600000US0816000--2013--All Crimes--count,1600000US0816000,"Colorado Springs, Colorado",place,count,40198,2013,All Crimes,"Colorado Springs, CO"
1600000US0816000--2013--Aggravated assault--rate,1600000US0816000,"Colorado Springs, Colorado",place,rate,247.4157777,2013,Aggravated assault,"Colorado Springs, CO"
1600000US0816000--2013--Aggravated assault--count,1600000US0816000,"Colorado Springs, Colorado",place,count,1079,2013,Aggravated assault,"Colorado Springs, CO"
1600000US0816000--2012--Violent crime--rate,1600000US0816000,"Colorado Springs, Colorado",place,rate,455.2531073,2012,Violent crime,"Colorado Springs, CO"
1600000US0816000--2012--Violent crime--count,1600000US0816000,"Colorado Springs, Colorado",place,count,1968,2012,Violent crime,"Colorado Springs, CO"
1600000US0816000--2012--Robbery--rate,1600000US0816000,"Colorado Springs, Colorado",place,rate,120.9844386,2012,Robbery,"Colorado Springs, CO"
1600000US0816000--2012--Robbery--count,1600000US0816000,"Colorado Springs, Colorado",place,count,523,2012,Robbery,"Colorado Springs, CO"
1600000US0816000--2012--Property crime--rate,1600000US0816000,"Colorado Springs, Colorado",place,rate,4140.536264,2012,Property crime,"Colorado Springs, CO"
1600000US0816000--2012--Property crime--count,1600000US0816000,"Colorado Springs, Colorado",place,count,17899,2012,Property crime,"Colorado Springs, CO"
1600000US0816000--2012--Murder and nonnegligent manslaughter--rate,1600000US0816000,"Colorado Springs, Colorado",place,rate,4.163900372,2012,Murder and nonnegligent manslaughter,"Colorado Springs, CO"
1600000US0816000--2012--Murder and nonnegligent manslaughter--count,1600000US0816000,"Colorado Springs, Colorado",place,count,18,2012,Murder and nonnegligent manslaughter,"Colorado Springs, CO"
1600000US0816000--2012--Motor vehicle theft--rate,1600000US0816000,"Colorado Springs, Colorado",place,rate,416.8526928,2012,Motor vehicle theft,"Colorado Springs, CO"
1600000US0816000--2012--Motor vehicle theft--count,1600000US0816000,"Colorado Springs, Colorado",place,count,1802,2012,Motor vehicle theft,"Colorado Springs, CO"
1600000US0816000--2012--Larceny--rate,1600000US0816000,"Colorado Springs, Colorado",place,rate,2881.419057,2012,Larceny,"Colorado Springs, CO"
1600000US0816000--2012--Larceny--count,1600000US0816000,"Colorado Springs, Colorado",place,count,12456,2012,Larceny,"Colorado Springs, CO"
1600000US0816000--2012--Forcible rape--rate,1600000US0816000,"Colorado Springs, Colorado",place,rate,82.81535184,2012,Forcible rape,"Colorado Springs, CO"
1600000US0816000--2012--Forcible rape--count,1600000US0816000,"Colorado Springs, Colorado",place,count,358,2012,Forcible rape,"Colorado Springs, CO"
1600000US0816000--2012--Burglary--rate,1600000US0816000,"Colorado Springs, Colorado",place,rate,842.2645141,2012,Burglary,"Colorado Springs, CO"
1600000US0816000--2012--Burglary--count,1600000US0816000,"Colorado Springs, Colorado",place,count,3641,2012,Burglary,"Colorado Springs, CO"
1600000US0816000--2012--Arson--rate,1600000US0816000,"Colorado Springs, Colorado",place,rate,17.58091268,2012,Arson,"Colorado Springs, CO"
1600000US0816000--2012--Arson--count,1600000US0816000,"Colorado Springs, Colorado",place,count,76,2012,Arson,"Colorado Springs, CO"
1600000US0816000--2012--All Crimes--rate,1600000US0816000,"Colorado Springs, Colorado",place,rate,9209.159656,2012,All Crimes,"Colorado Springs, CO"
1600000US0816000--2012--All Crimes--count,1600000US0816000,"Colorado Springs, Colorado",place,count,39810,2012,All Crimes,"Colorado Springs, CO"
1600000US0816000--2012--Aggravated assault--rate,1600000US0816000,"Colorado Springs, Colorado",place,rate,247.2894165,2012,Aggravated assault,"Colorado Springs, CO"
1600000US0816000--2012--Aggravated assault--count,1600000US0816000,"Colorado Springs, Colorado",place,count,1069,2012,Aggravated assault,"Colorado Springs, CO"
1600000US0816000--2011--Violent crime--rate,1600000US0816000,"Colorado Springs, Colorado",place,rate,440.19071,2011,Violent crime,"Colorado Springs, CO"
1600000US0816000--2011--Violent crime--count,1600000US0816000,"Colorado Springs, Colorado",place,count,1865,2011,Violent crime,"Colorado Springs, CO"
1600000US0816000--2011--Robbery--rate,1600000US0816000,"Colorado Springs, Colorado",place,rate,105.9762085,2011,Robbery,"Colorado Springs, CO"
1600000US0816000--2011--Robbery--count,1600000US0816000,"Colorado Springs, Colorado",place,count,449,2011,Robbery,"Colorado Springs, CO"
1600000US0816000--2011--Property crime--rate,1600000US0816000,"Colorado Springs, Colorado",place,rate,3744.807402,2011,Property crime,"Colorado Springs, CO"
1600000US0816000--2011--Property crime--count,1600000US0816000,"Colorado Springs, Colorado",place,count,15866,2011,Property crime,"Colorado Springs, CO"
1600000US0816000--2011--Murder and nonnegligent manslaughter--rate,1600000US0816000,"Colorado Springs, Colorado",place,rate,6.136706949,2011,Murder and nonnegligent manslaughter,"Colorado Springs, CO"
1600000US0816000--2011--Murder and nonnegligent manslaughter--count,1600000US0816000,"Colorado Springs, Colorado",place,count,26,2011,Murder and nonnegligent manslaughter,"Colorado Springs, CO"
1600000US0816000--2011--Motor vehicle theft--rate,1600000US0816000,"Colorado Springs, Colorado",place,rate,275.6797583,2011,Motor vehicle theft,"Colorado Springs, CO"
1600000US0816000--2011--Motor vehicle theft--count,1600000US0816000,"Colorado Springs, Colorado",place,count,1168,2011,Motor vehicle theft,"Colorado Springs, CO"
1600000US0816000--2011--Larceny--rate,1600000US0816000,"Colorado Springs, Colorado",place,rate,2684.80929,2011,Larceny,"Colorado Springs, CO"
1600000US0816000--2011--Larceny--count,1600000US0816000,"Colorado Springs, Colorado",place,count,11375,2011,Larceny,"Colorado Springs, CO"
1600000US0816000--2011--Forcible rape--rate,1600000US0816000,"Colorado Springs, Colorado",place,rate,75.29267372,2011,Forcible rape,"Colorado Springs, CO"
1600000US0816000--2011--Forcible rape--count,1600000US0816000,"Colorado Springs, Colorado",place,count,319,2011,Forcible rape,"Colorado Springs, CO"
1600000US0816000--2011--Burglary--rate,1600000US0816000,"Colorado Springs, Colorado",place,rate,784.3183535,2011,Burglary,"Colorado Springs, CO"
1600000US0816000--2011--Burglary--count,1600000US0816000,"Colorado Springs, Colorado",place,count,3323,2011,Burglary,"Colorado Springs, CO"
1600000US0816000--2011--Arson--rate,1600000US0816000,"Colorado Springs, Colorado",place,rate,25.25490937,2011,Arson,"Colorado Springs, CO"
1600000US0816000--2011--Arson--count,1600000US0816000,"Colorado Springs, Colorado",place,count,107,2011,Arson,"Colorado Springs, CO"
1600000US0816000--2011--All Crimes--rate,1600000US0816000,"Colorado Springs, Colorado",place,rate,8395.251133,2011,All Crimes,"Colorado Springs, CO"
1600000US0816000--2011--All Crimes--count,1600000US0816000,"Colorado Springs, Colorado",place,count,35569,2011,All Crimes,"Colorado Springs, CO"
1600000US0816000--2011--Aggravated assault--rate,1600000US0816000,"Colorado Springs, Colorado",place,rate,252.7851208,2011,Aggravated assault,"Colorado Springs, CO"
1600000US0816000--2011--Aggravated assault--count,1600000US0816000,"Colorado Springs, Colorado",place,count,1071,2011,Aggravated assault,"Colorado Springs, CO"
1600000US0816000--2010--Violent crime--rate,1600000US0816000,"Colorado Springs, Colorado",place,rate,491.8494242,2010,Violent crime,"Colorado Springs, CO"
1600000US0816000--2010--Violent crime--count,1600000US0816000,"Colorado Springs, Colorado",place,count,1957,2010,Violent crime,"Colorado Springs, CO"
1600000US0816000--2010--Robbery--rate,1600000US0816000,"Colorado Springs, Colorado",place,rate,132.19867,2010,Robbery,"Colorado Springs, CO"
1600000US0816000--2010--Robbery--count,1600000US0816000,"Colorado Springs, Colorado",place,count,526,2010,Robbery,"Colorado Springs, CO"
1600000US0816000--2010--Property crime--rate,1600000US0816000,"Colorado Springs, Colorado",place,rate,4220.806965,2010,Property crime,"Colorado Springs, CO"
1600000US0816000--2010--Property crime--count,1600000US0816000,"Colorado Springs, Colorado",place,count,16794,2010,Property crime,"Colorado Springs, CO"
1600000US0816000--2010--Murder and nonnegligent manslaughter--rate,1600000US0816000,"Colorado Springs, Colorado",place,rate,5.026565398,2010,Murder and nonnegligent manslaughter,"Colorado Springs, CO"
1600000US0816000--2010--Murder and nonnegligent manslaughter--count,1600000US0816000,"Colorado Springs, Colorado",place,count,20,2010,Murder and nonnegligent manslaughter,"Colorado Springs, CO"
1600000US0816000--2010--Motor vehicle theft--rate,1600000US0816000,"Colorado Springs, Colorado",place,rate,323.7108116,2010,Motor vehicle theft,"Colorado Springs, CO"
1600000US0816000--2010--Motor vehicle theft--count,1600000US0816000,"Colorado Springs, Colorado",place,count,1288,2010,Motor vehicle theft,"Colorado Springs, CO"
1600000US0816000--2010--Larceny--rate,1600000US0816000,"Colorado Springs, Colorado",place,rate,3029.510965,2010,Larceny,"Colorado Springs, CO"
1600000US0816000--2010--Larceny--count,1600000US0816000,"Colorado Springs, Colorado",place,count,12054,2010,Larceny,"Colorado Springs, CO"
1600000US0816000--2010--Forcible rape--rate,1600000US0816000,"Colorado Springs, Colorado",place,rate,80.1737181,2010,Forcible rape,"Colorado Springs, CO"
1600000US0816000--2010--Forcible rape--count,1600000US0816000,"Colorado Springs, Colorado",place,count,319,2010,Forcible rape,"Colorado Springs, CO"
1600000US0816000--2010--Burglary--rate,1600000US0816000,"Colorado Springs, Colorado",place,rate,867.5851877,2010,Burglary,"Colorado Springs, CO"
1600000US0816000--2010--Burglary--count,1600000US0816000,"Colorado Springs, Colorado",place,count,3452,2010,Burglary,"Colorado Springs, CO"
1600000US0816000--2010--Arson--rate,1600000US0816000,"Colorado Springs, Colorado",place,rate,25.13282699,2010,Arson,"Colorado Springs, CO"
1600000US0816000--2010--Arson--count,1600000US0816000,"Colorado Springs, Colorado",place,count,100,2010,Arson,"Colorado Springs, CO"
1600000US0816000--2010--All Crimes--rate,1600000US0816000,"Colorado Springs, Colorado",place,rate,9450.445605,2010,All Crimes,"Colorado Springs, CO"
1600000US0816000--2010--All Crimes--count,1600000US0816000,"Colorado Springs, Colorado",place,count,37602,2010,All Crimes,"Colorado Springs, CO"
1600000US0816000--2010--Aggravated assault--rate,1600000US0816000,"Colorado Springs, Colorado",place,rate,274.4504707,2010,Aggravated assault,"Colorado Springs, CO"
1600000US0816000--2010--Aggravated assault--count,1600000US0816000,"Colorado Springs, Colorado",place,count,1092,2010,Aggravated assault,"Colorado Springs, CO"
1600000US0816000--2009--Violent crime--rate,1600000US0816000,"Colorado Springs, Colorado",place,rate,490.008117,2009,Violent crime,"Colorado Springs, CO"
1600000US0816000--2009--Violent crime--count,1600000US0816000,"Colorado Springs, Colorado",place,count,1968,2009,Violent crime,"Colorado Springs, CO"
1600000US0816000--2009--Robbery--rate,1600000US0816000,"Colorado Springs, Colorado",place,rate,130.7186288,2009,Robbery,"Colorado Springs, CO"
1600000US0816000--2009--Robbery--count,1600000US0816000,"Colorado Springs, Colorado",place,count,525,2009,Robbery,"Colorado Springs, CO"
1600000US0816000--2009--Property crime--rate,1600000US0816000,"Colorado Springs, Colorado",place,rate,3665.848327,2009,Property crime,"Colorado Springs, CO"
1600000US0816000--2009--Property crime--count,1600000US0816000,"Colorado Springs, Colorado",place,count,14723,2009,Property crime,"Colorado Springs, CO"
1600000US0816000--2009--Murder and nonnegligent manslaughter--rate,1600000US0816000,"Colorado Springs, Colorado",place,rate,3.734817965,2009,Murder and nonnegligent manslaughter,"Colorado Springs, CO"
1600000US0816000--2009--Murder and nonnegligent manslaughter--count,1600000US0816000,"Colorado Springs, Colorado",place,count,15,2009,Murder and nonnegligent manslaughter,"Colorado Springs, CO"
1600000US0816000--2009--Motor vehicle theft--rate,1600000US0816000,"Colorado Springs, Colorado",place,rate,264.1761241,2009,Motor vehicle theft,"Colorado Springs, CO"
1600000US0816000--2009--Motor vehicle theft--count,1600000US0816000,"Colorado Springs, Colorado",place,count,1061,2009,Motor vehicle theft,"Colorado Springs, CO"
1600000US0816000--2009--Larceny--rate,1600000US0816000,"Colorado Springs, Colorado",place,rate,2578.767311,2009,Larceny,"Colorado Springs, CO"
1600000US0816000--2009--Larceny--count,1600000US0816000,"Colorado Springs, Colorado",place,count,10357,2009,Larceny,"Colorado Springs, CO"
1600000US0816000--2009--Forcible rape--rate,1600000US0816000,"Colorado Springs, Colorado",place,rate,85.65182533,2009,Forcible rape,"Colorado Springs, CO"
1600000US0816000--2009--Forcible rape--count,1600000US0816000,"Colorado Springs, Colorado",place,count,344,2009,Forcible rape,"Colorado Springs, CO"
1600000US0816000--2009--Burglary--rate,1600000US0816000,"Colorado Springs, Colorado",place,rate,822.9048916,2009,Burglary,"Colorado Springs, CO"
1600000US0816000--2009--Burglary--count,1600000US0816000,"Colorado Springs, Colorado",place,count,3305,2009,Burglary,"Colorado Springs, CO"
1600000US0816000--2009--Arson--rate,1600000US0816000,"Colorado Springs, Colorado",place,rate,25.1477743,2009,Arson,"Colorado Springs, CO"
1600000US0816000--2009--Arson--count,1600000US0816000,"Colorado Springs, Colorado",place,count,101,2009,Arson,"Colorado Springs, CO"
1600000US0816000--2009--All Crimes--rate,1600000US0816000,"Colorado Springs, Colorado",place,rate,8336.860661,2009,All Crimes,"Colorado Springs, CO"
1600000US0816000--2009--All Crimes--count,1600000US0816000,"Colorado Springs, Colorado",place,count,33483,2009,All Crimes,"Colorado Springs, CO"
1600000US0816000--2009--Aggravated assault--rate,1600000US0816000,"Colorado Springs, Colorado",place,rate,269.9028449,2009,Aggravated assault,"Colorado Springs, CO"
1600000US0816000--2009--Aggravated assault--count,1600000US0816000,"Colorado Springs, Colorado",place,count,1084,2009,Aggravated assault,"Colorado Springs, CO"
1600000US0816000--2008--Violent crime--rate,1600000US0816000,"Colorado Springs, Colorado",place,rate,528.2727674,2008,Violent crime,"Colorado Springs, CO"
1600000US0816000--2008--Violent crime--count,1600000US0816000,"Colorado Springs, Colorado",place,count,1999,2008,Violent crime,"Colorado Springs, CO"
1600000US0816000--2008--Robbery--rate,1600000US0816000,"Colorado Springs, Colorado",place,rate,136.8910923,2008,Robbery,"Colorado Springs, CO"
1600000US0816000--2008--Robbery--count,1600000US0816000,"Colorado Springs, Colorado",place,count,518,2008,Robbery,"Colorado Springs, CO"
1600000US0816000--2008--Property crime--rate,1600000US0816000,"Colorado Springs, Colorado",place,rate,4246.002278,2008,Property crime,"Colorado Springs, CO"
1600000US0816000--2008--Property crime--count,1600000US0816000,"Colorado Springs, Colorado",place,count,16067,2008,Property crime,"Colorado Springs, CO"
1600000US0816000--2008--Murder and nonnegligent manslaughter--rate,1600000US0816000,"Colorado Springs, Colorado",place,rate,6.342444431,2008,Murder and nonnegligent manslaughter,"Colorado Springs, CO"
1600000US0816000--2008--Murder and nonnegligent manslaughter--count,1600000US0816000,"Colorado Springs, Colorado",place,count,24,2008,Murder and nonnegligent manslaughter,"Colorado Springs, CO"
1600000US0816000--2008--Motor vehicle theft--rate,1600000US0816000,"Colorado Springs, Colorado",place,rate,297.0378142,2008,Motor vehicle theft,"Colorado Springs, CO"
1600000US0816000--2008--Motor vehicle theft--count,1600000US0816000,"Colorado Springs, Colorado",place,count,1124,2008,Motor vehicle theft,"Colorado Springs, CO"
1600000US0816000--2008--Larceny--rate,1600000US0816000,"Colorado Springs, Colorado",place,rate,3049.922966,2008,Larceny,"Colorado Springs, CO"
1600000US0816000--2008--Larceny--count,1600000US0816000,"Colorado Springs, Colorado",place,count,11541,2008,Larceny,"Colorado Springs, CO"
1600000US0816000--2008--Forcible rape--rate,1600000US0816000,"Colorado Springs, Colorado",place,rate,88.52995352,2008,Forcible rape,"Colorado Springs, CO"
1600000US0816000--2008--Forcible rape--count,1600000US0816000,"Colorado Springs, Colorado",place,count,335,2008,Forcible rape,"Colorado Springs, CO"
1600000US0816000--2008--Burglary--rate,1600000US0816000,"Colorado Springs, Colorado",place,rate,899.0414981,2008,Burglary,"Colorado Springs, CO"
1600000US0816000--2008--Burglary--count,1600000US0816000,"Colorado Springs, Colorado",place,count,3402,2008,Burglary,"Colorado Springs, CO"
1600000US0816000--2008--Arson--rate,1600000US0816000,"Colorado Springs, Colorado",place,rate,28.54099994,2008,Arson,"Colorado Springs, CO"
1600000US0816000--2008--Arson--count,1600000US0816000,"Colorado Springs, Colorado",place,count,108,2008,Arson,"Colorado Springs, CO"
1600000US0816000--2008--All Crimes--rate,1600000US0816000,"Colorado Springs, Colorado",place,rate,9577.091091,2008,All Crimes,"Colorado Springs, CO"
1600000US0816000--2008--All Crimes--count,1600000US0816000,"Colorado Springs, Colorado",place,count,36240,2008,All Crimes,"Colorado Springs, CO"
1600000US0816000--2008--Aggravated assault--rate,1600000US0816000,"Colorado Springs, Colorado",place,rate,296.5092771,2008,Aggravated assault,"Colorado Springs, CO"
1600000US0816000--2008--Aggravated assault--count,1600000US0816000,"Colorado Springs, Colorado",place,count,1122,2008,Aggravated assault,"Colorado Springs, CO"
1600000US0816000--2007--Violent crime--rate,1600000US0816000,"Colorado Springs, Colorado",place,rate,530.5897699,2007,Violent crime,"Colorado Springs, CO"
1600000US0816000--2007--Violent crime--count,1600000US0816000,"Colorado Springs, Colorado",place,count,1985,2007,Violent crime,"Colorado Springs, CO"
1600000US0816000--2007--Robbery--rate,1600000US0816000,"Colorado Springs, Colorado",place,rate,141.1342058,2007,Robbery,"Colorado Springs, CO"
1600000US0816000--2007--Robbery--count,1600000US0816000,"Colorado Springs, Colorado",place,count,528,2007,Robbery,"Colorado Springs, CO"
1600000US0816000--2007--Property crime--rate,1600000US0816000,"Colorado Springs, Colorado",place,rate,4424.878111,2007,Property crime,"Colorado Springs, CO"
1600000US0816000--2007--Property crime--count,1600000US0816000,"Colorado Springs, Colorado",place,count,16554,2007,Property crime,"Colorado Springs, CO"
1600000US0816000--2007--Murder and nonnegligent manslaughter--rate,1600000US0816000,"Colorado Springs, Colorado",place,rate,7.217090069,2007,Murder and nonnegligent manslaughter,"Colorado Springs, CO"
1600000US0816000--2007--Murder and nonnegligent manslaughter--count,1600000US0816000,"Colorado Springs, Colorado",place,count,27,2007,Murder and nonnegligent manslaughter,"Colorado Springs, CO"
1600000US0816000--2007--Motor vehicle theft--rate,1600000US0816000,"Colorado Springs, Colorado",place,rate,397.4745531,2007,Motor vehicle theft,"Colorado Springs, CO"
1600000US0816000--2007--Motor vehicle theft--count,1600000US0816000,"Colorado Springs, Colorado",place,count,1487,2007,Motor vehicle theft,"Colorado Springs, CO"
1600000US0816000--2007--Larceny--rate,1600000US0816000,"Colorado Springs, Colorado",place,rate,3177.658028,2007,Larceny,"Colorado Springs, CO"
1600000US0816000--2007--Larceny--count,1600000US0816000,"Colorado Springs, Colorado",place,count,11888,2007,Larceny,"Colorado Springs, CO"
1600000US0816000--2007--Forcible rape--rate,1600000US0816000,"Colorado Springs, Colorado",place,rate,76.18039518,2007,Forcible rape,"Colorado Springs, CO"
1600000US0816000--2007--Forcible rape--count,1600000US0816000,"Colorado Springs, Colorado",place,count,285,2007,Forcible rape,"Colorado Springs, CO"
1600000US0816000--2007--Burglary--rate,1600000US0816000,"Colorado Springs, Colorado",place,rate,849.7455308,2007,Burglary,"Colorado Springs, CO"
1600000US0816000--2007--Burglary--count,1600000US0816000,"Colorado Springs, Colorado",place,count,3179,2007,Burglary,"Colorado Springs, CO"
1600000US0816000--2007--Arson--rate,1600000US0816000,"Colorado Springs, Colorado",place,rate,29.13565991,2007,Arson,"Colorado Springs, CO"
1600000US0816000--2007--Arson--count,1600000US0816000,"Colorado Springs, Colorado",place,count,109,2007,Arson,"Colorado Springs, CO"
1600000US0816000--2007--All Crimes--rate,1600000US0816000,"Colorado Springs, Colorado",place,rate,9940.071422,2007,All Crimes,"Colorado Springs, CO"
1600000US0816000--2007--All Crimes--count,1600000US0816000,"Colorado Springs, Colorado",place,count,37187,2007,All Crimes,"Colorado Springs, CO"
1600000US0816000--2007--Aggravated assault--rate,1600000US0816000,"Colorado Springs, Colorado",place,rate,306.0580789,2007,Aggravated assault,"Colorado Springs, CO"
1600000US0816000--2007--Aggravated assault--count,1600000US0816000,"Colorado Springs, Colorado",place,count,1145,2007,Aggravated assault,"Colorado Springs, CO"
1600000US0816000--2006--Violent crime--rate,1600000US0816000,"Colorado Springs, Colorado",place,rate,569.2569406,2006,Violent crime,"Colorado Springs, CO"
1600000US0816000--2006--Violent crime--count,1600000US0816000,"Colorado Springs, Colorado",place,count,2145,2006,Violent crime,"Colorado Springs, CO"
1600000US0816000--2006--Robbery--rate,1600000US0816000,"Colorado Springs, Colorado",place,rate,162.4173649,2006,Robbery,"Colorado Springs, CO"
1600000US0816000--2006--Robbery--count,1600000US0816000,"Colorado Springs, Colorado",place,count,612,2006,Robbery,"Colorado Springs, CO"
1600000US0816000--2006--Property crime--rate,1600000US0816000,"Colorado Springs, Colorado",place,rate,4797.150796,2006,Property crime,"Colorado Springs, CO"
1600000US0816000--2006--Property crime--count,1600000US0816000,"Colorado Springs, Colorado",place,count,18076,2006,Property crime,"Colorado Springs, CO"
1600000US0816000--2006--Murder and nonnegligent manslaughter--rate,1600000US0816000,"Colorado Springs, Colorado",place,rate,3.980817766,2006,Murder and nonnegligent manslaughter,"Colorado Springs, CO"
1600000US0816000--2006--Murder and nonnegligent manslaughter--count,1600000US0816000,"Colorado Springs, Colorado",place,count,15,2006,Murder and nonnegligent manslaughter,"Colorado Springs, CO"
1600000US0816000--2006--Motor vehicle theft--rate,1600000US0816000,"Colorado Springs, Colorado",place,rate,474.7788656,2006,Motor vehicle theft,"Colorado Springs, CO"
1600000US0816000--2006--Motor vehicle theft--count,1600000US0816000,"Colorado Springs, Colorado",place,count,1789,2006,Motor vehicle theft,"Colorado Springs, CO"
1600000US0816000--2006--Larceny--rate,1600000US0816000,"Colorado Springs, Colorado",place,rate,3434.118793,2006,Larceny,"Colorado Springs, CO"
1600000US0816000--2006--Larceny--count,1600000US0816000,"Colorado Springs, Colorado",place,count,12940,2006,Larceny,"Colorado Springs, CO"
1600000US0816000--2006--Forcible rape--rate,1600000US0816000,"Colorado Springs, Colorado",place,rate,66.61235062,2006,Forcible rape,"Colorado Springs, CO"
1600000US0816000--2006--Forcible rape--count,1600000US0816000,"Colorado Springs, Colorado",place,count,251,2006,Forcible rape,"Colorado Springs, CO"
1600000US0816000--2006--Burglary--rate,1600000US0816000,"Colorado Springs, Colorado",place,rate,888.2531375,2006,Burglary,"Colorado Springs, CO"
1600000US0816000--2006--Burglary--count,1600000US0816000,"Colorado Springs, Colorado",place,count,3347,2006,Burglary,"Colorado Springs, CO"
1600000US0816000--2006--Arson--rate,1600000US0816000,"Colorado Springs, Colorado",place,rate,30.51960287,2006,Arson,"Colorado Springs, CO"
1600000US0816000--2006--Arson--count,1600000US0816000,"Colorado Springs, Colorado",place,count,115,2006,Arson,"Colorado Springs, CO"
1600000US0816000--2006--All Crimes--rate,1600000US0816000,"Colorado Springs, Colorado",place,rate,10763.33508,2006,All Crimes,"Colorado Springs, CO"
1600000US0816000--2006--All Crimes--count,1600000US0816000,"Colorado Springs, Colorado",place,count,40557,2006,All Crimes,"Colorado Springs, CO"
1600000US0816000--2006--Aggravated assault--rate,1600000US0816000,"Colorado Springs, Colorado",place,rate,336.2464073,2006,Aggravated assault,"Colorado Springs, CO"
1600000US0816000--2006--Aggravated assault--count,1600000US0816000,"Colorado Springs, Colorado",place,count,1267,2006,Aggravated assault,"Colorado Springs, CO"
