key,id,name,type,variable,value,year,crime_type,place_name
1600000US0816000--2006--Aggravated assault--rate,1600000US0816000,"Colorado Springs, Colorado",place,rate,336.2464073,2006,Aggravated assault,"Colorado Springs, CO"
1600000US0816000--2006--All Crimes--rate,1600000US0816000,"Colorado Springs, Colorado",place,rate,10763.33508,2006,All Crimes,"Colorado Springs, CO"
1600000US0816000--2006--Arson--rate,1600000US0816000,"Colorado Springs, Colorado",place,rate,30.51960287,2006,Arson,"Colorado Springs, CO"
1600000US0816000--2006--Burglary--rate,1600000US0816000,"Colorado Springs, Colorado",place,rate,888.2531375,2006,Burglary,"Colorado Springs, CO"
1600000US0816000--2006--Larceny--rate,1600000US0816000,"Colorado Springs, Colorado",place,rate,3434.118793,2006,Larceny,"Colorado Springs, CO"
1600000US0816000--2006--MV theft--rate,1600000US0816000,"Colorado Springs, Colorado",place,rate,474.7788656,2006,MV theft,"Colorado Springs, CO"
1600000US0816000--2006--Murder-Manslaughter--rate,1600000US0816000,"Colorado Springs, Colorado",place,rate,3.980817766,2006,Murder-Manslaughter,"Colorado Springs, CO"
1600000US0816000--2006--Property crime--rate,1600000US0816000,"Colorado Springs, Colorado",place,rate,4797.150796,2006,Property crime,"Colorado Springs, CO"
1600000US0816000--2006--Rape--rate,1600000US0816000,"Colorado Springs, Colorado",place,rate,66.61235062,2006,Rape,"Colorado Springs, CO"
1600000US0816000--2006--Robbery--rate,1600000US0816000,"Colorado Springs, Colorado",place,rate,162.4173649,2006,Robbery,"Colorado Springs, CO"
1600000US0816000--2006--Violent crime--rate,1600000US0816000,"Colorado Springs, Colorado",place,rate,569.2569406,2006,Violent crime,"Colorado Springs, CO"
1600000US0816000--2007--Aggravated assault--rate,1600000US0816000,"Colorado Springs, Colorado",place,rate,306.0580789,2007,Aggravated assault,"Colorado Springs, CO"
1600000US0816000--2007--All Crimes--rate,1600000US0816000,"Colorado Springs, Colorado",place,rate,9940.071422,2007,All Crimes,"Colorado Springs, CO"
1600000US0816000--2007--Arson--rate,1600000US0816000,"Colorado Springs, Colorado",place,rate,29.13565991,2007,Arson,"Colorado Springs, CO"
1600000US0816000--2007--Burglary--rate,1600000US0816000,"Colorado Springs, Colorado",place,rate,849.7455308,2007,Burglary,"Colorado Springs, CO"
1600000US0816000--2007--Larceny--rate,1600000US0816000,"Colorado Springs, Colorado",place,rate,3177.658028,2007,Larceny,"Colorado Springs, CO"
1600000US0816000--2007--MV theft--rate,1600000US0816000,"Colorado Springs, Colorado",place,rate,397.4745531,2007,MV theft,"Colorado Springs, CO"
1600000US0816000--2007--Murder-Manslaughter--rate,1600000US0816000,"Colorado Springs, Colorado",place,rate,7.217090069,2007,Murder-Manslaughter,"Colorado Springs, CO"
1600000US0816000--2007--Property crime--rate,1600000US0816000,"Colorado Springs, Colorado",place,rate,4424.878111,2007,Property crime,"Colorado Springs, CO"
1600000US0816000--2007--Rape--rate,1600000US0816000,"Colorado Springs, Colorado",place,rate,76.18039518,2007,Rape,"Colorado Springs, CO"
1600000US0816000--2007--Robbery--rate,1600000US0816000,"Colorado Springs, Colorado",place,rate,141.1342058,2007,Robbery,"Colorado Springs, CO"
1600000US0816000--2007--Violent crime--rate,1600000US0816000,"Colorado Springs, Colorado",place,rate,530.5897699,2007,Violent crime,"Colorado Springs, CO"
1600000US0816000--2008--Aggravated assault--rate,1600000US0816000,"Colorado Springs, Colorado",place,rate,296.5092771,2008,Aggravated assault,"Colorado Springs, CO"
1600000US0816000--2008--All Crimes--rate,1600000US0816000,"Colorado Springs, Colorado",place,rate,9577.091091,2008,All Crimes,"Colorado Springs, CO"
1600000US0816000--2008--Arson--rate,1600000US0816000,"Colorado Springs, Colorado",place,rate,28.54099994,2008,Arson,"Colorado Springs, CO"
1600000US0816000--2008--Burglary--rate,1600000US0816000,"Colorado Springs, Colorado",place,rate,899.0414981,2008,Burglary,"Colorado Springs, CO"
1600000US0816000--2008--Larceny--rate,1600000US0816000,"Colorado Springs, Colorado",place,rate,3049.922966,2008,Larceny,"Colorado Springs, CO"
1600000US0816000--2008--MV theft--rate,1600000US0816000,"Colorado Springs, Colorado",place,rate,297.0378142,2008,MV theft,"Colorado Springs, CO"
1600000US0816000--2008--Murder-Manslaughter--rate,1600000US0816000,"Colorado Springs, Colorado",place,rate,6.342444431,2008,Murder-Manslaughter,"Colorado Springs, CO"
1600000US0816000--2008--Property crime--rate,1600000US0816000,"Colorado Springs, Colorado",place,rate,4246.002278,2008,Property crime,"Colorado Springs, CO"
1600000US0816000--2008--Rape--rate,1600000US0816000,"Colorado Springs, Colorado",place,rate,88.52995352,2008,Rape,"Colorado Springs, CO"
1600000US0816000--2008--Robbery--rate,1600000US0816000,"Colorado Springs, Colorado",place,rate,136.8910923,2008,Robbery,"Colorado Springs, CO"
1600000US0816000--2008--Violent crime--rate,1600000US0816000,"Colorado Springs, Colorado",place,rate,528.2727674,2008,Violent crime,"Colorado Springs, CO"
1600000US0816000--2009--Aggravated assault--rate,1600000US0816000,"Colorado Springs, Colorado",place,rate,269.9028449,2009,Aggravated assault,"Colorado Springs, CO"
1600000US0816000--2009--All Crimes--rate,1600000US0816000,"Colorado Springs, Colorado",place,rate,8336.860661,2009,All Crimes,"Colorado Springs, CO"
1600000US0816000--2009--Arson--rate,1600000US0816000,"Colorado Springs, Colorado",place,rate,25.1477743,2009,Arson,"Colorado Springs, CO"
1600000US0816000--2009--Burglary--rate,1600000US0816000,"Colorado Springs, Colorado",place,rate,822.9048916,2009,Burglary,"Colorado Springs, CO"
1600000US0816000--2009--Larceny--rate,1600000US0816000,"Colorado Springs, Colorado",place,rate,2578.767311,2009,Larceny,"Colorado Springs, CO"
1600000US0816000--2009--MV theft--rate,1600000US0816000,"Colorado Springs, Colorado",place,rate,264.1761241,2009,MV theft,"Colorado Springs, CO"
1600000US0816000--2009--Murder-Manslaughter--rate,1600000US0816000,"Colorado Springs, Colorado",place,rate,3.734817965,2009,Murder-Manslaughter,"Colorado Springs, CO"
1600000US0816000--2009--Property crime--rate,1600000US0816000,"Colorado Springs, Colorado",place,rate,3665.848327,2009,Property crime,"Colorado Springs, CO"
1600000US0816000--2009--Rape--rate,1600000US0816000,"Colorado Springs, Colorado",place,rate,85.65182533,2009,Rape,"Colorado Springs, CO"
1600000US0816000--2009--Robbery--rate,1600000US0816000,"Colorado Springs, Colorado",place,rate,130.7186288,2009,Robbery,"Colorado Springs, CO"
1600000US0816000--2009--Violent crime--rate,1600000US0816000,"Colorado Springs, Colorado",place,rate,490.008117,2009,Violent crime,"Colorado Springs, CO"
1600000US0816000--2010--Aggravated assault--rate,1600000US0816000,"Colorado Springs, Colorado",place,rate,274.4504707,2010,Aggravated assault,"Colorado Springs, CO"
1600000US0816000--2010--All Crimes--rate,1600000US0816000,"Colorado Springs, Colorado",place,rate,9450.445605,2010,All Crimes,"Colorado Springs, CO"
1600000US0816000--2010--Arson--rate,1600000US0816000,"Colorado Springs, Colorado",place,rate,25.13282699,2010,Arson,"Colorado Springs, CO"
1600000US0816000--2010--Burglary--rate,1600000US0816000,"Colorado Springs, Colorado",place,rate,867.5851877,2010,Burglary,"Colorado Springs, CO"
1600000US0816000--2010--Larceny--rate,1600000US0816000,"Colorado Springs, Colorado",place,rate,3029.510965,2010,Larceny,"Colorado Springs, CO"
1600000US0816000--2010--MV theft--rate,1600000US0816000,"Colorado Springs, Colorado",place,rate,323.7108116,2010,MV theft,"Colorado Springs, CO"
1600000US0816000--2010--Murder-Manslaughter--rate,1600000US0816000,"Colorado Springs, Colorado",place,rate,5.026565398,2010,Murder-Manslaughter,"Colorado Springs, CO"
1600000US0816000--2010--Property crime--rate,1600000US0816000,"Colorado Springs, Colorado",place,rate,4220.806965,2010,Property crime,"Colorado Springs, CO"
1600000US0816000--2010--Rape--rate,1600000US0816000,"Colorado Springs, Colorado",place,rate,80.1737181,2010,Rape,"Colorado Springs, CO"
1600000US0816000--2010--Robbery--rate,1600000US0816000,"Colorado Springs, Colorado",place,rate,132.19867,2010,Robbery,"Colorado Springs, CO"
1600000US0816000--2010--Violent crime--rate,1600000US0816000,"Colorado Springs, Colorado",place,rate,491.8494242,2010,Violent crime,"Colorado Springs, CO"
1600000US0816000--2011--Aggravated assault--rate,1600000US0816000,"Colorado Springs, Colorado",place,rate,252.7851208,2011,Aggravated assault,"Colorado Springs, CO"
1600000US0816000--2011--All Crimes--rate,1600000US0816000,"Colorado Springs, Colorado",place,rate,8395.251133,2011,All Crimes,"Colorado Springs, CO"
1600000US0816000--2011--Arson--rate,1600000US0816000,"Colorado Springs, Colorado",place,rate,25.25490937,2011,Arson,"Colorado Springs, CO"
1600000US0816000--2011--Burglary--rate,1600000US0816000,"Colorado Springs, Colorado",place,rate,784.3183535,2011,Burglary,"Colorado Springs, CO"
1600000US0816000--2011--Larceny--rate,1600000US0816000,"Colorado Springs, Colorado",place,rate,2684.80929,2011,Larceny,"Colorado Springs, CO"
1600000US0816000--2011--MV theft--rate,1600000US0816000,"Colorado Springs, Colorado",place,rate,275.6797583,2011,MV theft,"Colorado Springs, CO"
1600000US0816000--2011--Murder-Manslaughter--rate,1600000US0816000,"Colorado Springs, Colorado",place,rate,6.136706949,2011,Murder-Manslaughter,"Colorado Springs, CO"
1600000US0816000--2011--Property crime--rate,1600000US0816000,"Colorado Springs, Colorado",place,rate,3744.807402,2011,Property crime,"Colorado Springs, CO"
1600000US0816000--2011--Rape--rate,1600000US0816000,"Colorado Springs, Colorado",place,rate,75.29267372,2011,Rape,"Colorado Springs, CO"
1600000US0816000--2011--Robbery--rate,1600000US0816000,"Colorado Springs, Colorado",place,rate,105.9762085,2011,Robbery,"Colorado Springs, CO"
1600000US0816000--2011--Violent crime--rate,1600000US0816000,"Colorado Springs, Colorado",place,rate,440.19071,2011,Violent crime,"Colorado Springs, CO"
1600000US0816000--2012--Aggravated assault--rate,1600000US0816000,"Colorado Springs, Colorado",place,rate,247.2894165,2012,Aggravated assault,"Colorado Springs, CO"
1600000US0816000--2012--All Crimes--rate,1600000US0816000,"Colorado Springs, Colorado",place,rate,9209.159656,2012,All Crimes,"Colorado Springs, CO"
1600000US0816000--2012--Arson--rate,1600000US0816000,"Colorado Springs, Colorado",place,rate,17.58091268,2012,Arson,"Colorado Springs, CO"
1600000US0816000--2012--Burglary--rate,1600000US0816000,"Colorado Springs, Colorado",place,rate,842.2645141,2012,Burglary,"Colorado Springs, CO"
1600000US0816000--2012--Larceny--rate,1600000US0816000,"Colorado Springs, Colorado",place,rate,2881.419057,2012,Larceny,"Colorado Springs, CO"
1600000US0816000--2012--MV theft--rate,1600000US0816000,"Colorado Springs, Colorado",place,rate,416.8526928,2012,MV theft,"Colorado Springs, CO"
1600000US0816000--2012--Murder-Manslaughter--rate,1600000US0816000,"Colorado Springs, Colorado",place,rate,4.163900372,2012,Murder-Manslaughter,"Colorado Springs, CO"
1600000US0816000--2012--Property crime--rate,1600000US0816000,"Colorado Springs, Colorado",place,rate,4140.536264,2012,Property crime,"Colorado Springs, CO"
1600000US0816000--2012--Rape--rate,1600000US0816000,"Colorado Springs, Colorado",place,rate,82.81535184,2012,Rape,"Colorado Springs, CO"
1600000US0816000--2012--Robbery--rate,1600000US0816000,"Colorado Springs, Colorado",place,rate,120.9844386,2012,Robbery,"Colorado Springs, CO"
1600000US0816000--2012--Violent crime--rate,1600000US0816000,"Colorado Springs, Colorado",place,rate,455.2531073,2012,Violent crime,"Colorado Springs, CO"
1600000US0816000--2013--Aggravated assault--rate,1600000US0816000,"Colorado Springs, Colorado",place,rate,247.4157777,2013,Aggravated assault,"Colorado Springs, CO"
1600000US0816000--2013--All Crimes--rate,1600000US0816000,"Colorado Springs, Colorado",place,rate,9217.441551,2013,All Crimes,"Colorado Springs, CO"
1600000US0816000--2013--Arson--rate,1600000US0816000,"Colorado Springs, Colorado",place,rate,14.21666193,2013,Arson,"Colorado Springs, CO"
1600000US0816000--2013--Burglary--rate,1600000US0816000,"Colorado Springs, Colorado",place,rate,854.3755217,2013,Burglary,"Colorado Springs, CO"
1600000US0816000--2013--Larceny--rate,1600000US0816000,"Colorado Springs, Colorado",place,rate,2871.077806,2013,Larceny,"Colorado Springs, CO"
1600000US0816000--2013--MV theft--rate,1600000US0816000,"Colorado Springs, Colorado",place,rate,442.0923258,2013,MV theft,"Colorado Springs, CO"
1600000US0816000--2013--Murder-Manslaughter--rate,1600000US0816000,"Colorado Springs, Colorado",place,rate,5.96182597,2013,Murder-Manslaughter,"Colorado Springs, CO"
1600000US0816000--2013--Property crime--rate,1600000US0816000,"Colorado Springs, Colorado",place,rate,4167.545654,2013,Property crime,"Colorado Springs, CO"
1600000US0816000--2013--Rape--rate,1600000US0816000,"Colorado Springs, Colorado",place,rate,84.84136957,2013,Rape,"Colorado Springs, CO"
1600000US0816000--2013--Robbery--rate,1600000US0816000,"Colorado Springs, Colorado",place,rate,95.84781751,2013,Robbery,"Colorado Springs, CO"
1600000US0816000--2013--Violent crime--rate,1600000US0816000,"Colorado Springs, Colorado",place,rate,434.0667908,2013,Violent crime,"Colorado Springs, CO"
1600000US0816000--2014--Aggravated assault--rate,1600000US0816000,"Colorado Springs, Colorado",place,rate,270.3680647,2014,Aggravated assault,"Colorado Springs, CO"
1600000US0816000--2014--All Crimes--rate,1600000US0816000,"Colorado Springs, Colorado",place,rate,8272.858238,2014,All Crimes,"Colorado Springs, CO"
1600000US0816000--2014--Arson--rate,1600000US0816000,"Colorado Springs, Colorado",place,rate,21.12601669,2014,Arson,"Colorado Springs, CO"
1600000US0816000--2014--Burglary--rate,1600000US0816000,"Colorado Springs, Colorado",place,rate,620.0710643,2014,Burglary,"Colorado Springs, CO"
1600000US0816000--2014--Larceny--rate,1600000US0816000,"Colorado Springs, Colorado",place,rate,2677.610243,2014,Larceny,"Colorado Springs, CO"
1600000US0816000--2014--MV theft--rate,1600000US0816000,"Colorado Springs, Colorado",place,rate,369.9300369,2014,MV theft,"Colorado Springs, CO"
1600000US0816000--2014--Murder-Manslaughter--rate,1600000US0816000,"Colorado Springs, Colorado",place,rate,4.494897168,2014,Murder-Manslaughter,"Colorado Springs, CO"
1600000US0816000--2014--Property crime--rate,1600000US0816000,"Colorado Springs, Colorado",place,rate,3667.611344,2014,Property crime,"Colorado Springs, CO"
1600000US0816000--2014--Rape--rate,1600000US0816000,"Colorado Springs, Colorado",place,rate,92.59488166,2014,Rape,"Colorado Springs, CO"
1600000US0816000--2014--Robbery--rate,1600000US0816000,"Colorado Springs, Colorado",place,rate,90.79692279,2014,Robbery,"Colorado Springs, CO"
1600000US0816000--2014--Violent crime--rate,1600000US0816000,"Colorado Springs, Colorado",place,rate,458.2547663,2014,Violent crime,"Colorado Springs, CO"
1600000US0816000--2015--Aggravated assault--rate,1600000US0816000,"Colorado Springs, Colorado",place,rate,274.3087023,2015,Aggravated assault,"Colorado Springs, CO"
1600000US0816000--2015--All Crimes--rate,1600000US0816000,"Colorado Springs, Colorado",place,rate,8200.526071,2015,All Crimes,"Colorado Springs, CO"
1600000US0816000--2015--Arson--rate,1600000US0816000,"Colorado Springs, Colorado",place,rate,27.85084326,2015,Arson,"Colorado Springs, CO"
1600000US0816000--2015--Burglary--rate,1600000US0816000,"Colorado Springs, Colorado",place,rate,533.5867907,2015,Burglary,"Colorado Springs, CO"
1600000US0816000--2015--Larceny--rate,1600000US0816000,"Colorado Springs, Colorado",place,rate,2732.698216,2015,Larceny,"Colorado Springs, CO"
1600000US0816000--2015--MV theft--rate,1600000US0816000,"Colorado Springs, Colorado",place,rate,381.7333834,2015,MV theft,"Colorado Springs, CO"
1600000US0816000--2015--Murder-Manslaughter--rate,1600000US0816000,"Colorado Springs, Colorado",place,rate,5.525960965,2015,Murder-Manslaughter,"Colorado Springs, CO"
1600000US0816000--2015--Property crime--rate,1600000US0816000,"Colorado Springs, Colorado",place,rate,3648.01839,2015,Property crime,"Colorado Springs, CO"
1600000US0816000--2015--Rape--rate,1600000US0816000,"Colorado Springs, Colorado",place,rate,75.37410756,2015,Rape,"Colorado Springs, CO"
1600000US0816000--2015--Robbery--rate,1600000US0816000,"Colorado Springs, Colorado",place,rate,83.11045291,2015,Robbery,"Colorado Springs, CO"
1600000US0816000--2015--Violent crime--rate,1600000US0816000,"Colorado Springs, Colorado",place,rate,438.3192237,2015,Violent crime,"Colorado Springs, CO"
1600000US0816000--2016--Aggravated assault--rate,1600000US0816000,"Colorado Springs, Colorado",place,rate,300.357887,2016,Aggravated assault,"Colorado Springs, CO"
1600000US0816000--2016--All Crimes--rate,1600000US0816000,"Colorado Springs, Colorado",place,rate,8138.104298,2016,All Crimes,"Colorado Springs, CO"
1600000US0816000--2016--Arson--rate,1600000US0816000,"Colorado Springs, Colorado",place,rate,24.99391312,2016,Arson,"Colorado Springs, CO"
1600000US0816000--2016--Burglary--rate,1600000US0816000,"Colorado Springs, Colorado",place,rate,576.7991847,2016,Burglary,"Colorado Springs, CO"
1600000US0816000--2016--Larceny--rate,1600000US0816000,"Colorado Springs, Colorado",place,rate,2537.313111,2016,Larceny,"Colorado Springs, CO"
1600000US0816000--2016--MV theft--rate,1600000US0816000,"Colorado Springs, Colorado",place,rate,446.6584646,2016,MV theft,"Colorado Springs, CO"
1600000US0816000--2016--Murder-Manslaughter--rate,1600000US0816000,"Colorado Springs, Colorado",place,rate,5.171154439,2016,Murder-Manslaughter,"Colorado Springs, CO"
1600000US0816000--2016--Property crime--rate,1600000US0816000,"Colorado Springs, Colorado",place,rate,3560.770761,2016,Property crime,"Colorado Springs, CO"
1600000US0816000--2016--Rape--rate,1600000US0816000,"Colorado Springs, Colorado",place,rate,96.09728665,2016,Rape,"Colorado Springs, CO"
1600000US0816000--2016--Robbery--rate,1600000US0816000,"Colorado Springs, Colorado",place,rate,94.15810374,2016,Robbery,"Colorado Springs, CO"
1600000US0816000--2016--Violent crime--rate,1600000US0816000,"Colorado Springs, Colorado",place,rate,495.7844318,2016,Violent crime,"Colorado Springs, CO"
